kernel,variant,ms,cycles,instructions,ipc,l1d_misses,llc_misses,branch_misses,multiplexed
rowcol,row_major,2.23934,11841473,46215454,3.90285,1048915,21126,4116,0
rowcol,col_major,64.4731,342620356,100692353,0.293889,16991084,18211453,4319,0
branch,branchy_random,24.0558,127866178,64999396,0.508339,626209,12114,5000127,0
branch,branchy_sorted,3.16297,16660439,64999358,3.90142,625261,11816,23,0
branch,branchless_random,1.46089,7562546,35000283,4.62811,625254,11976,17,0
branch,branchless_sorted,1.47453,7763145,35000278,4.50852,625179,12324,11,0
layout,aos,9.00302,47787765,60000277,1.25556,5001596,114724,74,0
layout,soa,5.72016,30261402,60000270,1.98273,625312,11909,66,0
falseshare,packed,703.206,7090229250,1200002907,0.169247,42308961,42309499,3190,0
falseshare,padded,47.8151,400333225,1200000253,2.9975,188,332,139,0
