bytes,ns_per_access
4096,0.82988
6144,0.829938
8192,0.84863
12288,0.856133
16384,0.814484
24576,0.827009
32768,0.906891
49152,2.44775
65536,2.44429
98304,2.4859
131072,2.46873
196608,2.49017
262144,2.67857
393216,4.15895
524288,5.43873
786432,8.80219
1048576,9.7037
1572864,10.0703
2097152,10.6975
3145728,10.7923
4194304,11.1847
6291456,13.6268
8388608,18.7041
12582912,51.4591
16777216,80.9195
25165824,96.9877
33554432,93.2449
50331648,104.79
67108864,105.59
100663296,107.635
134217728,110.158
201326592,118.347
268435456,113.007
402653184,119.812
536870912,119.092
